Time,Temp,Windchill,Heat Index,Humidity,Pressure,Dew Point,Visibility,Wind Dir,Wind Speed,Gust Speed,Precip,Events,Conditions
2016-06-01 00:00:00,23.3,,,0.71,1014.8,17.8,12.9,WSW,11.1,0.0,0.0,,Clear
2016-06-01 01:00:00,23.3,,,0.73,1015.1,18.3,12.9,Calm,0.0,0.0,0.0,,Clear
2016-06-01 02:00:00,22.8,,,0.76,1015.3,18.3,12.9,Calm,0.0,0.0,0.0,,Clear
2016-06-01 03:00:00,22.2,,,0.78,1015.6,18.3,11.3,NE,5.6,0.0,0.0,,Clear
2016-06-01 04:00:00,21.1,,,0.76,1016.0,16.7,12.9,ENE,13.0,0.0,0.0,,Clear
2016-06-01 05:00:00,21.7,,,0.53,1016.3,11.7,16.1,East,7.4,0.0,0.0,,Clear
2016-06-01 06:00:00,21.7,,,0.47,1016.7,10.0,16.1,NE,5.6,0.0,0.0,,Clear
2016-06-01 07:00:00,21.1,,,0.53,1017.5,11.1,12.9,Variable,5.6,0.0,0.0,,Clear
2016-06-01 08:00:00,22.2,,,0.43,1018.0,8.9,14.5,ENE,9.3,0.0,0.0,,Partly Cloudy
2016-06-01 09:00:00,22.8,,,0.44,1018.5,10.0,14.5,Calm,0.0,0.0,0.0,,Partly Cloudy
2016-06-01 10:00:00,23.9,,,0.4,1018.8,9.4,14.5,Variable,7.4,0.0,0.0,,Clear
2016-06-01 11:00:00,25.0,,,0.36,1019.0,8.9,14.5,ENE,11.1,0.0,0.0,,Clear
2016-06-01 12:00:00,25.0,,,0.36,1019.0,8.9,12.9,ESE,16.7,0.0,0.0,,Clear
2016-06-01 13:00:00,26.1,,,0.34,1019.1,8.9,12.9,ENE,14.8,0.0,0.0,,Clear
2016-06-01 14:00:00,26.7,,,0.35,1019.0,10.0,12.9,ENE,14.8,0.0,0.0,,Clear
2016-06-01 15:00:00,26.7,,,0.35,1018.8,10.0,12.9,Variable,9.3,0.0,0.0,,Clear
2016-06-01 16:00:00,27.8,,,0.33,1018.7,10.0,12.9,East,14.8,0.0,0.0,,Partly Cloudy
2016-06-01 17:00:00,27.2,,,0.31,1019.0,8.9,12.9,ENE,14.8,0.0,0.0,,Scattered Clouds
2016-06-01 18:00:00,26.7,,26.7,0.4,1018.7,12.2,12.9,ENE,13.0,0.0,0.0,,Scattered Clouds
2016-06-01 19:00:00,25.6,,,0.43,1018.6,12.2,12.9,SSE,13.0,0.0,0.0,,Clear
2016-06-01 20:00:00,24.4,,,0.46,1019.1,12.2,12.9,North,0.0,0.0,0.0,,Clear
2016-06-01 21:00:00,23.9,,,0.46,1019.3,11.7,12.9,North,0.0,0.0,0.0,,Clear
2016-06-01 22:00:00,21.7,,,0.51,1020.1,11.1,14.5,SE,5.6,0.0,0.0,,Clear
2016-06-01 23:00:00,21.1,,,0.53,1020.6,11.1,14.5,Variable,5.6,0.0,0.0,,Clear
2016-06-02 00:00:00,20.0,,,0.56,1020.9,11.1,14.5,Variable,9.3,0.0,0.0,,Clear
2016-06-02 01:00:00,19.4,,,0.61,1021.2,11.7,14.5,ENE,7.4,0.0,0.0,,Clear
2016-06-02 02:00:00,18.9,,,0.6,1021.1,11.1,14.5,Variable,7.4,0.0,0.0,,Clear
2016-06-02 03:00:00,18.3,,,0.65,1020.9,11.7,14.5,Variable,5.6,0.0,0.0,,Clear
2016-06-02 04:00:00,17.8,,,0.73,1020.8,12.8,14.5,ENE,5.6,0.0,0.0,,Clear
2016-06-02 05:00:00,17.2,,,0.75,1020.5,12.8,14.5,East,7.4,0.0,0.0,,Clear
2016-06-02 06:00:00,17.2,,,0.75,1020.2,12.8,14.5,Variable,5.6,0.0,0.0,,Clear
2016-06-02 07:00:00,17.2,,,0.75,1020.7,12.8,12.9,NE,9.3,0.0,0.0,,Mostly Cloudy
2016-06-02 08:00:00,17.2,,,0.78,1021.1,13.3,12.9,Variable,5.6,0.0,0.0,,Overcast
2016-06-02 09:00:00,17.8,,,0.75,1021.0,13.3,11.3,NE,11.1,0.0,0.0,,Scattered Clouds
2016-06-02 10:00:00,18.9,,,0.7,1021.2,13.3,11.3,Variable,9.3,0.0,0.0,,Partly Cloudy
2016-06-02 11:00:00,19.4,,,0.68,1021.1,13.3,11.3,Variable,9.3,0.0,0.0,,Clear
2016-06-02 12:00:00,20.6,,,0.65,1021.0,13.9,11.3,Variable,9.3,0.0,0.0,,Clear
2016-06-02 13:00:00,21.7,,,0.61,1020.6,13.9,11.3,East,11.1,0.0,0.0,,Clear
2016-06-02 14:00:00,23.9,,,0.55,1020.3,14.4,11.3,Variable,5.6,0.0,0.0,,Clear
2016-06-02 15:00:00,24.4,,,0.54,1020.0,14.4,9.7,Variable,5.6,0.0,0.0,,Haze
2016-06-02 16:00:00,23.9,,,0.55,1019.5,14.4,9.7,ENE,13.0,0.0,0.0,,Haze
2016-06-02 17:00:00,23.3,,,0.59,1018.9,15.0,9.7,Variable,11.1,0.0,0.0,,Haze
2016-06-02 18:00:00,23.3,,,0.59,1018.7,15.0,11.3,Variable,11.1,0.0,0.0,,Clear
2016-06-02 19:00:00,22.2,,,0.66,1018.3,15.6,14.5,Variable,7.4,0.0,0.0,,Clear
2016-06-02 20:00:00,20.6,,,0.7,1018.3,15.0,12.9,Variable,11.1,0.0,0.0,,Clear
2016-06-02 21:00:00,18.9,,,0.78,1018.5,15.0,11.3,North,0.0,0.0,0.0,,Scattered Clouds
2016-06-02 22:00:00,18.3,,,0.78,1018.9,14.4,12.9,Variable,7.4,0.0,0.0,,Overcast
2016-06-02 23:00:00,17.8,,,0.8,1019.2,14.4,11.3,Variable,5.6,0.0,0.0,,Overcast
2016-06-03 00:00:00,17.8,,,0.8,1019.1,14.4,11.3,Calm,0.0,0.0,0.0,,Overcast
2016-06-03 01:00:00,18.3,,,0.78,1019.2,14.4,11.3,Calm,0.0,0.0,0.0,,Overcast
2016-06-03 02:00:00,18.3,,,0.78,1019.2,14.4,11.3,Variable,7.4,0.0,0.0,,Overcast
2016-06-03 03:00:00,17.8,,,0.78,1018.7,13.9,12.9,Calm,0.0,0.0,0.0,,Overcast
2016-06-03 04:00:00,17.8,,,0.78,1018.2,13.9,14.5,Calm,0.0,0.0,0.0,,Overcast
2016-06-03 05:00:00,17.8,,,0.8,1017.9,14.4,12.9,SSW,5.6,0.0,0.0,,Overcast
2016-06-03 06:00:00,18.3,,,0.78,1018.0,14.4,12.9,Calm,0.0,0.0,0.0,,Overcast
2016-06-03 07:00:00,17.8,,,0.8,1018.1,14.4,11.3,ENE,7.4,0.0,0.0,,Overcast
2016-06-03 08:00:00,17.8,,,0.8,1018.3,14.4,8.0,East,7.4,0.0,0.0,,Haze
2016-06-03 09:00:00,17.8,,,0.84,1018.3,15.0,6.4,Calm,0.0,0.0,0.3,,Haze
2016-06-03 10:00:00,17.2,,,0.9,1019.2,15.6,4.8,East,5.6,0.0,0.0,Rain,Light Rain
2016-06-03 11:00:00,17.8,,,0.9,1018.3,16.1,4.8,Calm,0.0,0.0,0.3,,Overcast
2016-06-03 12:00:00,18.3,,,0.9,1018.3,16.7,4.8,Calm,0.0,0.0,0.0,,Overcast
2016-06-03 13:00:00,18.9,,,0.87,1018.2,16.7,4.8,Variable,5.6,0.0,0.0,,Overcast
2016-06-03 14:00:00,18.9,,,0.87,1018.0,16.7,6.4,Variable,5.6,0.0,0.0,,Overcast
2016-06-03 15:00:00,19.4,,,0.84,1017.8,16.7,8.0,Calm,0.0,0.0,0.0,,Haze
2016-06-03 16:00:00,20.0,,,0.78,1017.2,16.1,9.7,Variable,5.6,0.0,0.0,,Haze
2016-06-03 17:00:00,19.4,,,0.84,1017.3,16.7,8.0,Calm,0.0,0.0,0.0,,Haze
2016-06-03 18:00:00,20.6,,,0.78,1016.9,16.7,9.7,Calm,0.0,0.0,0.0,,Haze
2016-06-03 19:00:00,21.1,,,0.73,1016.6,16.1,8.0,Calm,0.0,0.0,0.0,,Haze
2016-06-03 20:00:00,21.1,,,0.76,1016.8,16.7,9.7,Calm,0.0,0.0,0.0,,Haze
2016-06-03 21:00:00,20.6,,,0.75,1016.7,16.1,9.7,Calm,0.0,0.0,0.0,,Haze
2016-06-03 22:00:00,20.0,,,0.78,1016.6,16.1,12.9,Variable,5.6,0.0,0.0,,Overcast
2016-06-03 23:00:00,20.0,,,0.81,1016.9,16.7,11.3,WSW,7.4,0.0,0.0,,Overcast
2016-06-04 00:00:00,20.0,,,0.81,1017.3,16.7,12.9,Variable,5.6,0.0,0.0,,Overcast
2016-06-04 01:00:00,19.4,,,0.79,1017.5,15.6,12.9,Calm,0.0,0.0,0.0,,Overcast
2016-06-04 02:00:00,19.4,,,0.79,1017.0,15.6,12.9,Calm,0.0,0.0,0.0,,Overcast
2016-06-04 03:00:00,19.4,,,0.81,1016.7,16.1,12.9,Calm,0.0,0.0,0.0,,Overcast
2016-06-04 04:00:00,20.0,,,0.81,1016.2,16.7,11.3,Calm,0.0,0.0,0.0,,Overcast
2016-06-04 05:00:00,20.0,,,0.81,1016.3,16.7,11.3,Calm,0.0,0.0,0.0,,Overcast
2016-06-04 06:00:00,19.4,,,0.84,1016.1,16.7,11.3,Calm,0.0,0.0,0.0,,Overcast
2016-06-04 07:00:00,20.0,,,0.84,1016.3,17.2,9.7,Calm,0.0,0.0,0.0,,Haze
2016-06-04 08:00:00,20.6,,,0.84,1016.4,17.8,6.4,West,5.6,0.0,0.0,,Haze
2016-06-04 09:00:00,21.1,,,0.81,1016.7,17.8,8.0,West,7.4,0.0,0.0,,Haze
2016-06-04 10:00:00,22.2,,,0.76,1016.6,17.8,8.0,West,5.6,0.0,0.0,,Haze
2016-06-04 11:00:00,23.3,,,0.71,1016.3,17.8,8.0,WSW,9.3,0.0,0.0,,Haze
2016-06-04 12:00:00,23.9,,,0.71,1016.0,18.3,9.7,Variable,5.6,0.0,0.0,,Haze
2016-06-04 13:00:00,25.6,,,0.66,1015.6,18.9,9.7,Calm,0.0,0.0,0.0,,Haze
2016-06-04 14:00:00,26.7,,27.6,0.58,1014.8,17.8,11.3,Variable,5.6,0.0,0.0,,Partly Cloudy
2016-06-04 15:00:00,27.8,,28.8,0.56,1014.3,18.3,11.3,Calm,0.0,0.0,0.0,,Scattered Clouds
2016-06-04 16:00:00,26.7,,27.6,0.58,1014.0,17.8,9.7,Calm,0.0,0.0,0.0,,Haze
2016-06-04 17:00:00,28.3,,29.2,0.54,1013.1,18.3,9.7,Variable,7.4,0.0,0.0,,Haze
2016-06-04 18:00:00,26.1,,,0.6,1012.9,17.8,11.3,Variable,9.3,0.0,0.0,,Scattered Clouds
2016-06-04 19:00:00,24.4,,,0.64,1012.7,17.2,9.7,SSE,13.0,0.0,0.0,,Haze
2016-06-04 20:00:00,23.9,,,0.69,1013.1,17.8,11.3,Calm,0.0,0.0,0.0,,Overcast
2016-06-04 21:00:00,20.6,,,0.93,1013.8,19.4,4.0,Variable,5.6,0.0,4.1,,Overcast
2016-06-04 22:00:00,19.4,,,0.93,1013.8,18.3,4.8,Variable,9.3,0.0,6.1,Rain,Light Rain
2016-06-04 23:00:00,20.0,,,0.9,1014.3,18.3,6.4,East,7.4,0.0,0.0,,Overcast
2016-06-05 00:00:00,18.9,,,0.9,1013.9,17.2,9.7,Calm,0.0,0.0,0.0,,Overcast
2016-06-05 01:00:00,19.4,,,0.9,1013.5,17.8,9.7,SE,5.6,0.0,0.0,,Overcast
2016-06-05 02:00:00,19.4,,,0.87,1012.9,17.2,11.3,Calm,0.0,0.0,0.0,,Overcast
2016-06-05 03:00:00,18.9,,,0.9,1012.5,17.2,12.9,Variable,5.6,0.0,0.0,,Overcast
2016-06-05 04:00:00,19.4,,,0.81,1012.0,16.1,16.1,Calm,0.0,0.0,0.0,,Overcast
2016-06-05 05:00:00,19.4,,,0.79,1011.9,15.6,16.1,Calm,0.0,0.0,0.0,,Overcast
2016-06-05 06:00:00,18.9,,,0.84,1011.7,16.1,14.5,SSE,5.6,0.0,0.0,,Mostly Cloudy
2016-06-05 07:00:00,18.9,,,0.81,1010.8,15.6,14.5,Calm,0.0,0.0,0.0,,Mostly Cloudy
2016-06-05 08:00:00,18.9,,,0.87,1011.0,16.7,12.9,Variable,7.4,0.0,0.0,,Mostly Cloudy
2016-06-05 09:00:00,19.4,,,0.84,1011.7,16.7,12.9,Variable,7.4,0.0,0.0,,Overcast
2016-06-05 10:00:00,18.9,,,0.9,1010.6,17.2,6.4,Variable,5.6,0.0,0.0,Rain,Light Rain
2016-06-05 11:00:00,19.4,,,0.87,1009.9,17.2,12.9,SSE,7.4,0.0,0.0,,Overcast
2016-06-05 12:00:00,20.0,,,0.81,1009.3,16.7,12.9,Variable,5.6,0.0,0.0,,Overcast
2016-06-05 13:00:00,18.3,,,0.93,1008.5,17.2,1.2,East,5.6,0.0,8.1,Rain,Heavy Rain
2016-06-05 14:00:00,19.4,,,0.93,1008.4,18.3,3.2,SSE,11.1,0.0,0.0,,Overcast
2016-06-05 15:00:00,20.0,,,0.93,1006.9,18.9,1.6,Calm,0.0,0.0,0.0,,Overcast
2016-06-05 16:00:00,21.1,,,0.9,1006.3,19.4,4.8,Variable,5.6,0.0,0.0,,Overcast
2016-06-05 17:00:00,21.1,,,0.9,1004.6,19.4,6.4,North,0.0,0.0,0.0,,Mostly Cloudy
2016-06-05 18:00:00,21.1,,,0.9,1003.4,19.4,6.4,Calm,0.0,0.0,0.0,,Overcast
2016-06-05 19:00:00,21.1,,,0.9,1002.8,19.4,8.0,Variable,5.6,0.0,0.0,,Partly Cloudy
2016-06-05 20:00:00,18.9,,,0.93,1004.6,17.8,1.6,Variable,5.6,0.0,1.3,Rain,Rain
2016-06-05 21:00:00,18.9,,,0.93,1003.5,17.8,4.8,SSW,11.1,0.0,2.8,Rain,Light Rain
2016-06-05 22:00:00,18.9,,,0.93,1003.9,17.8,14.5,Variable,5.6,0.0,0.5,,Clear
2016-06-05 23:00:00,19.4,,,0.9,1004.0,17.8,12.9,WSW,5.6,0.0,0.0,,Clear
2016-06-06 00:00:00,18.9,,,0.93,1004.0,17.8,12.9,Variable,5.6,0.0,0.0,,Clear
2016-06-06 01:00:00,18.9,,,0.9,1004.3,17.2,12.9,Variable,5.6,0.0,0.0,,Clear
2016-06-06 02:00:00,18.9,,,0.9,1004.2,17.2,9.7,WSW,7.4,0.0,0.0,,Clear
2016-06-06 03:00:00,18.9,,,0.93,1004.0,17.8,9.7,Variable,5.6,0.0,0.0,,Overcast
2016-06-06 04:00:00,18.9,,,0.93,1003.9,17.8,8.0,Variable,7.4,0.0,0.0,,Overcast
2016-06-06 05:00:00,18.9,,,0.93,1003.8,17.8,8.0,Calm,0.0,0.0,0.0,,Overcast
2016-06-06 06:00:00,18.9,,,0.93,1003.8,17.8,8.0,Variable,7.4,0.0,0.0,,Overcast
2016-06-06 07:00:00,18.9,,,0.93,1004.1,17.8,6.4,Variable,9.3,0.0,0.0,,Clear
2016-06-06 08:00:00,19.4,,,0.9,1004.5,17.8,8.0,West,7.4,0.0,0.0,,Clear
2016-06-06 09:00:00,20.6,,,0.84,1004.9,17.8,9.7,Variable,9.3,0.0,0.0,,Haze
2016-06-06 10:00:00,21.7,,,0.7,1005.1,16.1,12.9,WNW,9.3,0.0,0.0,,Clear
2016-06-06 11:00:00,22.2,,,0.68,1005.4,16.1,14.5,West,11.1,27.8,0.0,,Mostly Cloudy
2016-06-06 12:00:00,23.9,,,0.51,1005.3,13.3,14.5,Variable,5.6,0.0,0.0,,Partly Cloudy
2016-06-06 13:00:00,25.6,,,0.46,1005.4,13.3,14.5,West,13.0,0.0,0.0,,Partly Cloudy
2016-06-06 14:00:00,26.7,,26.7,0.42,1005.2,12.8,14.5,WSW,13.0,0.0,0.0,,Clear
2016-06-06 15:00:00,27.2,,27.1,0.42,1004.6,13.3,14.5,Variable,11.1,0.0,0.0,,Partly Cloudy
2016-06-06 16:00:00,27.8,,27.6,0.41,1004.2,13.3,14.5,Variable,7.4,0.0,0.0,,Clear
2016-06-06 17:00:00,27.8,,27.6,0.41,1004.1,13.3,12.9,Variable,11.1,0.0,0.0,,Overcast
2016-06-06 18:00:00,27.8,,27.4,0.39,1003.6,12.8,14.5,Variable,5.6,0.0,0.0,,Scattered Clouds
2016-06-06 19:00:00,27.2,,27.1,0.42,1003.5,13.3,14.5,West,16.7,0.0,0.0,,Scattered Clouds
2016-06-06 20:00:00,26.7,,26.8,0.43,1003.4,13.3,14.5,Variable,7.4,0.0,0.0,,Clear
2016-06-06 21:00:00,27.2,,27.0,0.39,1003.9,12.2,14.5,West,14.8,0.0,0.0,,Clear
2016-06-06 22:00:00,26.1,,,0.44,1003.8,12.8,16.1,SW,7.4,0.0,0.0,,Clear
2016-06-06 23:00:00,25.6,,,0.5,1003.9,14.4,16.1,SW,11.1,0.0,0.0,,Clear
2016-06-07 00:00:00,25.6,,,0.5,1003.9,14.4,14.5,Variable,9.3,0.0,0.0,,Mostly Cloudy
2016-06-07 01:00:00,25.0,,,0.52,1003.5,14.4,16.1,Variable,11.1,0.0,0.0,,Clear
2016-06-07 02:00:00,24.4,,,0.56,1002.8,15.0,16.1,Variable,5.6,0.0,0.0,,Scattered Clouds
2016-06-07 03:00:00,23.3,,,0.62,1002.7,15.6,14.5,Variable,5.6,0.0,0.0,,Clear
2016-06-07 04:00:00,23.3,,,0.64,1002.0,16.1,14.5,WSW,9.3,0.0,0.0,,Clear
2016-06-07 05:00:00,22.8,,,0.66,1001.4,16.1,14.5,Calm,0.0,0.0,0.0,,Clear
2016-06-07 06:00:00,22.2,,,0.71,1001.4,16.7,14.5,West,9.3,0.0,0.0,,Clear
2016-06-07 07:00:00,22.2,,,0.71,1001.2,16.7,11.3,West,5.6,0.0,0.0,,Clear
2016-06-07 08:00:00,21.7,,,0.7,1001.1,16.1,11.3,Calm,0.0,0.0,0.0,,Clear
2016-06-07 09:00:00,22.8,,,0.61,1001.0,15.0,12.9,Variable,5.6,0.0,0.0,,Clear
2016-06-07 10:00:00,23.9,,,0.55,1000.8,14.4,12.9,Variable,5.6,0.0,0.0,,Clear
2016-06-07 11:00:00,24.4,,,0.52,1000.3,13.9,12.9,West,14.8,29.6,0.0,,Partly Cloudy
2016-06-07 12:00:00,26.1,,,0.48,999.7,14.4,12.9,Variable,9.3,0.0,0.0,,Clear
2016-06-07 13:00:00,27.2,,27.2,0.44,999.9,13.9,12.9,Variable,5.6,0.0,0.0,,Clear
2016-06-07 14:00:00,28.3,,,0.33,999.2,10.6,12.9,Variable,9.3,0.0,0.0,,Clear
2016-06-07 15:00:00,28.3,,,0.33,998.0,10.6,12.9,North,0.0,0.0,0.0,,Clear
2016-06-07 16:00:00,28.9,,,0.29,997.7,9.4,12.9,Variable,9.3,0.0,0.0,,Partly Cloudy
2016-06-07 17:00:00,25.6,,,0.33,997.7,8.3,14.5,WNW,16.7,27.8,0.0,,Mostly Cloudy
2016-06-07 18:00:00,23.3,,,0.48,997.3,11.7,14.5,WNW,11.1,0.0,0.0,,Partly Cloudy
2016-06-07 19:00:00,24.4,,,0.42,997.5,10.6,14.5,North,0.0,0.0,0.0,,Clear
2016-06-07 20:00:00,23.9,,,0.4,998.2,9.4,14.5,Variable,11.1,0.0,0.0,,Clear
2016-06-07 21:00:00,22.8,,,0.44,998.8,10.0,16.1,Variable,5.6,0.0,0.0,,Clear
2016-06-07 22:00:00,22.2,,,0.48,999.2,10.6,16.1,Variable,7.4,0.0,0.0,,Clear
2016-06-07 23:00:00,21.1,,,0.51,1000.2,10.6,16.1,WNW,7.4,0.0,0.0,,Clear
2016-06-08 00:00:00,20.0,,,0.47,1001.2,8.3,16.1,NW,13.0,33.3,0.0,,Overcast
2016-06-08 01:00:00,18.3,,,0.52,1001.7,8.3,16.1,WNW,14.8,27.8,0.0,,Clear
2016-06-08 02:00:00,17.8,,,0.56,1001.7,8.9,16.1,Variable,9.3,0.0,0.0,,Clear
2016-06-08 03:00:00,17.8,,,0.56,1001.7,8.9,16.1,Variable,11.1,0.0,0.0,,Clear
2016-06-08 04:00:00,17.2,,,0.56,1001.8,8.3,16.1,WNW,13.0,27.8,0.0,,Clear
2016-06-08 05:00:00,16.7,,,0.58,1002.3,8.3,16.1,WNW,13.0,0.0,0.0,,Clear
2016-06-08 06:00:00,16.1,,,0.6,1002.8,8.3,16.1,North,0.0,0.0,0.0,,Clear
2016-06-08 07:00:00,15.6,,,0.62,1003.3,8.3,16.1,Variable,9.3,0.0,0.0,,Clear
2016-06-08 08:00:00,16.1,,,0.6,1003.2,8.3,16.1,North,0.0,0.0,0.0,,Clear
2016-06-08 09:00:00,16.1,,,0.6,1003.1,8.3,16.1,North,0.0,0.0,0.0,,Clear
2016-06-08 10:00:00,17.2,,,0.58,1003.0,8.9,16.1,Variable,9.3,0.0,0.0,,Clear
2016-06-08 11:00:00,17.8,,,0.48,1003.0,6.7,16.1,Variable,9.3,0.0,0.0,,Clear
2016-06-08 12:00:00,18.9,,,0.47,1002.3,7.2,14.5,Variable,9.3,0.0,0.0,,Scattered Clouds
2016-06-08 13:00:00,18.3,,,0.48,1002.0,7.2,16.1,Variable,11.1,0.0,0.0,,Overcast
2016-06-08 14:00:00,14.4,,,0.78,1002.8,10.6,2.8,NW,14.8,29.6,0.3,Rain,Light Rain
2016-06-08 15:00:00,11.7,,,0.89,1005.3,10.0,2.0,WNW,16.7,42.6,0.5,Rain,Rain
2016-06-08 16:00:00,11.1,,,0.89,1004.3,9.4,4.8,WNW,13.0,0.0,2.8,Rain,Light Rain
2016-06-08 17:00:00,12.2,,,0.86,1004.5,10.0,12.9,WNW,11.1,0.0,0.5,,Overcast
2016-06-08 18:00:00,12.8,,,0.86,1004.5,10.6,14.5,WNW,14.8,27.8,0.3,,Scattered Clouds
2016-06-08 19:00:00,15.0,,,0.64,1004.9,8.3,16.1,West,18.5,33.3,0.0,,Partly Cloudy
2016-06-08 20:00:00,16.1,,,0.58,1005.6,7.8,14.5,Variable,9.3,0.0,0.0,,Clear
2016-06-08 21:00:00,16.7,,,0.44,1006.4,4.4,14.5,Variable,11.1,38.9,0.0,,Clear
2016-06-08 22:00:00,16.1,,,0.48,1007.1,5.0,16.1,WNW,14.8,0.0,0.0,,Overcast
2016-06-08 23:00:00,15.6,,,0.51,1007.9,5.6,16.1,WNW,13.0,37.0,0.0,,Mostly Cloudy
2016-06-09 00:00:00,15.6,,,0.51,1008.5,5.6,16.1,WNW,9.3,0.0,0.0,,Overcast
2016-06-09 01:00:00,15.0,,,0.51,1009.1,5.0,16.1,WNW,16.7,35.2,0.0,,Overcast
2016-06-09 02:00:00,14.4,,,0.56,1009.4,5.6,16.1,WNW,7.4,0.0,0.0,,Overcast
2016-06-09 03:00:00,13.9,,,0.55,1009.1,5.0,16.1,North,0.0,0.0,0.0,,Partly Cloudy
2016-06-09 04:00:00,13.3,,,0.6,1009.5,5.6,16.1,Variable,7.4,0.0,0.0,,Partly Cloudy
2016-06-09 05:00:00,13.3,,,0.55,1009.4,4.4,16.1,Variable,7.4,0.0,0.0,,Clear
2016-06-09 06:00:00,12.8,,,0.57,1009.4,4.4,16.1,WNW,16.7,33.3,0.0,,Clear
2016-06-09 07:00:00,12.2,,,0.59,1009.9,4.4,16.1,WNW,20.4,37.0,0.0,,Clear
2016-06-09 08:00:00,12.2,,,0.59,1010.2,4.4,16.1,West,13.0,37.0,0.0,,Clear
2016-06-09 09:00:00,12.8,,,0.55,1010.6,3.9,16.1,WNW,24.1,38.9,0.0,,Clear
2016-06-09 10:00:00,13.9,,,0.51,1010.6,3.9,14.5,North,0.0,0.0,0.0,,Partly Cloudy
2016-06-09 11:00:00,15.0,,,0.46,1010.4,3.3,14.5,NW,18.5,42.6,0.0,,Clear
2016-06-09 12:00:00,16.7,,,0.43,1010.5,3.9,14.5,West,22.2,33.3,0.0,,Scattered Clouds
2016-06-09 13:00:00,18.3,,,0.37,1010.1,3.3,14.5,WNW,16.7,33.3,0.0,,Clear
2016-06-09 14:00:00,19.4,,,0.33,1009.7,2.8,14.5,WNW,14.8,35.2,0.0,,Partly Cloudy
2016-06-09 15:00:00,19.4,,,0.34,1009.3,3.3,14.5,WNW,22.2,46.3,0.0,,Clear
2016-06-09 16:00:00,20.6,,,0.32,1008.9,3.3,14.5,West,24.1,42.6,0.0,,Clear
2016-06-09 17:00:00,21.1,,,0.31,1008.8,3.3,14.5,WNW,16.7,48.2,0.0,,Partly Cloudy
2016-06-09 18:00:00,21.7,,,0.27,1008.8,1.7,14.5,NW,14.8,44.4,0.0,,Clear
2016-06-09 19:00:00,21.7,,,0.27,1008.7,1.7,16.1,Variable,9.3,44.4,0.0,,Clear
2016-06-09 20:00:00,21.1,,,0.27,1009.1,1.1,16.1,NW,16.7,38.9,0.0,,Clear
2016-06-09 21:00:00,20.6,,,0.3,1009.8,2.2,16.1,Variable,9.3,0.0,0.0,,Clear
2016-06-09 22:00:00,19.4,,,0.32,1010.5,2.2,16.1,WNW,14.8,29.6,0.0,,Clear
2016-06-09 23:00:00,18.9,,,0.3,1011.7,1.1,16.1,Variable,11.1,0.0,0.0,,Partly Cloudy
2016-06-10 00:00:00,17.8,,,0.34,1012.5,1.7,16.1,Variable,7.4,0.0,0.0,,Clear
2016-06-10 01:00:00,17.2,,,0.37,1013.3,2.2,16.1,Variable,5.6,0.0,0.0,,Clear
2016-06-10 02:00:00,16.7,,,0.37,1013.3,1.7,16.1,Variable,7.4,0.0,0.0,,Mostly Cloudy
2016-06-10 03:00:00,16.1,,,0.36,1013.3,1.1,16.1,Variable,7.4,0.0,0.0,,Scattered Clouds
2016-06-10 04:00:00,16.1,,,0.38,1013.3,1.7,16.1,West,13.0,0.0,0.0,,Clear
2016-06-10 05:00:00,15.0,,,0.41,1013.8,1.7,16.1,Variable,5.6,0.0,0.0,,Scattered Clouds
2016-06-10 06:00:00,14.4,,,0.44,1014.3,2.2,16.1,WNW,11.1,0.0,0.0,,Partly Cloudy
2016-06-10 07:00:00,13.9,,,0.47,1014.9,2.8,16.1,West,13.0,0.0,0.0,,Partly Cloudy
2016-06-10 08:00:00,13.9,,,0.49,1015.2,3.3,16.1,West,9.3,0.0,0.0,,Clear
2016-06-10 09:00:00,15.0,,,0.46,1015.3,3.3,16.1,Variable,7.4,0.0,0.0,,Scattered Clouds
2016-06-10 10:00:00,16.7,,,0.39,1015.5,2.8,16.1,NW,13.0,27.8,0.0,,Partly Cloudy
2016-06-10 11:00:00,17.8,,,0.35,1015.7,2.2,16.1,Variable,11.1,0.0,0.0,,Scattered Clouds
2016-06-10 12:00:00,18.9,,,0.34,1016.2,2.8,16.1,Variable,11.1,37.0,0.0,,Partly Cloudy
2016-06-10 13:00:00,20.6,,,0.31,1016.3,2.8,16.1,NW,14.8,35.2,0.0,,Scattered Clouds
2016-06-10 14:00:00,22.2,,,0.29,1015.8,3.3,16.1,NW,13.0,27.8,0.0,,Partly Cloudy
2016-06-10 15:00:00,22.8,,,0.26,1015.5,2.2,16.1,WNW,18.5,27.8,0.0,,Scattered Clouds
2016-06-10 16:00:00,23.3,,,0.27,1015.1,3.3,16.1,Variable,7.4,0.0,0.0,,Partly Cloudy
2016-06-10 17:00:00,24.4,,,0.25,1014.8,3.3,16.1,North,0.0,0.0,0.0,,Partly Cloudy
2016-06-10 18:00:00,24.4,,,0.23,1014.8,2.2,16.1,North,0.0,0.0,0.0,,Mostly Cloudy
2016-06-10 19:00:00,24.4,,,0.23,1014.8,1.7,16.1,Variable,9.3,0.0,0.0,,Mostly Cloudy
2016-06-10 20:00:00,23.9,,,0.23,1015.4,1.7,16.1,Variable,5.6,0.0,0.0,,Mostly Cloudy
2016-06-10 21:00:00,22.8,,,0.27,1015.8,2.8,16.1,Variable,5.6,0.0,0.0,,Mostly Cloudy
2016-06-10 22:00:00,22.2,,,0.29,1016.2,3.3,16.1,Variable,7.4,0.0,0.0,,Mostly Cloudy
2016-06-10 23:00:00,21.1,,,0.31,1016.7,3.3,16.1,Variable,7.4,0.0,0.0,,Mostly Cloudy
2016-06-11 00:00:00,20.0,,,0.33,1017.0,3.3,16.1,Calm,0.0,0.0,0.0,,Overcast
2016-06-11 01:00:00,18.9,,,0.36,1017.2,3.3,16.1,Calm,0.0,0.0,0.0,,Overcast
2016-06-11 02:00:00,17.2,,,0.45,1017.4,5.0,16.1,Calm,0.0,0.0,0.0,,Overcast
2016-06-11 03:00:00,17.2,,,0.4,1017.2,3.3,16.1,West,5.6,0.0,0.0,,Unknown
2016-06-11 04:00:00,16.7,,,0.43,1017.0,3.9,16.1,Calm,0.0,0.0,0.0,,Unknown
2016-06-11 05:00:00,16.1,,,0.5,1017.2,5.6,16.1,Calm,0.0,0.0,0.0,,Unknown
2016-06-11 06:00:00,16.1,,,0.52,1016.7,6.1,16.1,Calm,0.0,0.0,0.0,,Unknown
2016-06-11 07:00:00,15.6,,,0.55,1016.6,6.7,16.1,Calm,0.0,0.0,0.0,,Unknown
2016-06-11 08:00:00,17.2,,,0.63,1015.9,10.0,16.1,Calm,0.0,0.0,0.0,,Unknown
2016-06-11 09:00:00,20.0,,,0.5,1015.5,9.4,16.1,Calm,0.0,0.0,0.0,,Unknown
2016-06-11 10:00:00,21.1,,,0.42,1015.3,7.8,16.1,Variable,5.6,0.0,0.0,,Unknown
2016-06-11 11:00:00,21.7,,,0.47,1014.2,10.0,16.1,Variable,5.6,0.0,0.0,,Unknown
2016-06-11 12:00:00,22.8,,,0.51,1013.1,12.2,16.1,SSW,7.4,0.0,0.0,,Unknown
2016-06-11 13:00:00,24.4,,,0.54,1011.4,14.4,14.5,SW,16.7,33.3,0.0,,Unknown
2016-06-11 14:00:00,25.0,,,0.54,1010.2,15.0,14.5,Variable,5.6,29.6,0.0,,Unknown
2016-06-11 15:00:00,26.7,,27.6,0.58,1009.6,17.8,14.5,North,0.0,0.0,0.0,,Unknown
2016-06-11 16:00:00,27.8,,28.8,0.56,1008.6,18.3,14.5,Variable,11.1,0.0,0.0,,Unknown
2016-06-11 17:00:00,27.8,,28.8,0.56,1008.1,18.3,14.5,North,0.0,0.0,0.0,,Unknown
2016-06-11 18:00:00,29.4,,30.3,0.51,1006.9,18.3,14.5,Calm,0.0,0.0,0.0,,Unknown
2016-06-11 19:00:00,30.0,,31.2,0.51,1006.1,18.9,14.5,West,9.3,0.0,0.0,,Unknown
2016-06-11 20:00:00,30.6,,31.8,0.49,1005.9,18.9,12.9,West,13.0,27.8,0.0,,Unknown
2016-06-11 21:00:00,29.4,,30.6,0.53,1005.7,18.9,14.5,Variable,9.3,0.0,0.0,,Unknown
2016-06-11 22:00:00,29.4,,30.6,0.53,1005.8,18.9,16.1,West,11.1,0.0,0.0,,Unknown
2016-06-11 23:00:00,30.0,,31.2,0.51,1006.2,18.9,16.1,Variable,7.4,0.0,0.0,,Unknown
2016-06-12 00:00:00,28.9,,29.9,0.53,1006.6,18.3,16.1,West,7.4,0.0,0.0,,Unknown
2016-06-12 01:00:00,27.2,,28.2,0.58,1006.6,18.3,16.1,Calm,0.0,0.0,0.0,,Unknown
2016-06-12 02:00:00,27.8,,28.8,0.56,1006.4,18.3,16.1,Variable,5.6,0.0,0.0,,Unknown
2016-06-12 03:00:00,26.1,,,0.58,1005.6,17.2,16.1,SW,7.4,0.0,0.0,,Unknown
2016-06-12 04:00:00,26.1,,,0.56,1004.9,16.7,16.1,Variable,9.3,0.0,0.0,,Unknown
2016-06-12 05:00:00,26.1,,,0.6,1004.2,17.8,16.1,West,13.0,0.0,0.0,,Unknown
2016-06-12 06:00:00,25.6,,,0.62,1003.6,17.8,16.1,Variable,9.3,0.0,0.0,,Unknown
2016-06-12 07:00:00,25.6,,,0.62,1003.7,17.8,12.9,Variable,11.1,0.0,0.0,,Unknown
2016-06-12 08:00:00,25.6,,,0.64,1003.7,18.3,12.9,North,0.0,0.0,0.0,,Unknown
2016-06-12 09:00:00,26.1,,,0.62,1003.6,18.3,14.5,North,0.0,0.0,0.0,,Unknown
2016-06-12 10:00:00,27.2,,28.0,0.56,1002.7,17.8,14.5,Variable,7.4,29.6,0.0,,Unknown
2016-06-12 11:00:00,27.2,,27.2,0.44,1002.6,13.9,14.5,West,16.7,38.9,0.0,,Unknown
2016-06-12 12:00:00,27.8,,,0.22,1002.8,3.9,16.1,North,0.0,0.0,0.0,,Unknown
2016-06-12 13:00:00,27.8,,,0.25,1002.9,6.1,16.1,West,18.5,38.9,0.0,,Unknown
2016-06-12 14:00:00,27.8,,,0.24,1002.6,5.6,16.1,North,0.0,0.0,0.0,,Unknown
2016-06-12 15:00:00,27.8,,,0.25,1002.5,6.1,16.1,Variable,9.3,37.0,0.0,,Unknown
2016-06-12 16:00:00,26.7,,,0.29,1003.1,7.2,16.1,North,0.0,0.0,0.0,,Unknown
2016-06-12 17:00:00,25.6,,,0.32,1004.0,7.8,16.1,NW,14.8,37.0,0.0,,Unknown
2016-06-12 18:00:00,24.4,,,0.35,1004.7,7.8,16.1,North,18.5,38.9,0.0,,Unknown
2016-06-12 19:00:00,22.8,,,0.37,1005.4,7.2,16.1,North,0.0,0.0,0.0,,Unknown
2016-06-12 20:00:00,21.7,,,0.41,1006.6,7.8,16.1,NNW,13.0,38.9,0.0,,Unknown
2016-06-12 21:00:00,20.6,,,0.4,1007.3,6.7,16.1,Variable,11.1,33.3,0.0,,Unknown
2016-06-12 22:00:00,19.4,,,0.44,1007.9,6.7,16.1,North,13.0,27.8,0.0,,Unknown
2016-06-12 23:00:00,18.3,,,0.47,1008.7,6.7,16.1,North,16.7,48.2,0.0,,Unknown
2016-06-13 00:00:00,17.8,,,0.48,1009.2,6.7,16.1,Variable,11.1,0.0,0.0,,Unknown
2016-06-13 01:00:00,17.2,,,0.5,1009.0,6.7,16.1,NW,18.5,38.9,0.0,,Unknown
2016-06-13 02:00:00,16.7,,,0.5,1009.0,6.1,16.1,North,16.7,31.5,0.0,,Unknown
2016-06-13 03:00:00,16.1,,,0.54,1009.0,6.7,16.1,WNW,18.5,33.3,0.0,,Unknown
2016-06-13 04:00:00,15.6,,,0.53,1009.3,6.1,16.1,NW,14.8,0.0,0.0,,Unknown
2016-06-13 05:00:00,15.0,,,0.55,1009.8,6.1,16.1,NW,13.0,37.0,0.0,,Unknown
2016-06-13 06:00:00,14.4,,,0.58,1009.9,6.1,16.1,WNW,16.7,37.0,0.0,,Unknown
2016-06-13 07:00:00,13.9,,,0.59,1010.7,6.1,16.1,NW,13.0,33.3,0.0,,Unknown
2016-06-13 08:00:00,14.4,,,0.6,1010.8,6.7,16.1,Variable,11.1,0.0,0.0,,Unknown
2016-06-13 09:00:00,15.0,,,0.6,1010.9,7.2,16.1,NW,13.0,25.9,0.0,,Unknown
2016-06-13 10:00:00,16.1,,,0.58,1011.6,7.8,16.1,NW,14.8,0.0,0.0,,Unknown
2016-06-13 11:00:00,17.2,,,0.56,1012.0,8.3,16.1,North,0.0,0.0,0.0,,Unknown
2016-06-13 12:00:00,19.4,,,0.49,1011.4,8.3,16.1,Calm,0.0,0.0,0.0,,Unknown
2016-06-13 13:00:00,20.0,,,0.49,1010.6,8.9,16.1,WNW,9.3,0.0,0.0,,Unknown
2016-06-13 14:00:00,20.6,,,0.45,1010.2,8.3,16.1,NW,18.5,35.2,0.0,,Unknown
2016-06-13 15:00:00,23.3,,,0.43,1009.6,10.0,16.1,North,14.8,0.0,0.0,,Clear
2016-06-13 16:00:00,21.7,,,0.42,1008.6,8.3,16.1,Variable,7.4,27.8,0.0,,Clear
2016-06-13 17:00:00,22.2,,,0.41,1008.8,8.3,16.1,Variable,7.4,31.5,0.0,,Clear
2016-06-13 18:00:00,21.7,,,0.44,1009.0,8.9,16.1,WNW,16.7,31.5,0.0,,Clear
2016-06-13 19:00:00,21.7,,,0.47,1008.6,10.0,16.1,NW,14.8,0.0,0.0,,Partly Cloudy
2016-06-13 20:00:00,20.6,,,0.47,1008.9,8.9,16.1,Variable,11.1,0.0,0.0,,Partly Cloudy
2016-06-13 21:00:00,20.0,,,0.49,1009.2,8.9,16.1,Variable,11.1,0.0,0.0,,Clear
2016-06-13 22:00:00,18.9,,,0.52,1009.3,8.9,16.1,Variable,9.3,0.0,0.0,,Partly Cloudy
2016-06-13 23:00:00,18.9,,,0.5,1009.8,8.3,16.1,Variable,7.4,0.0,0.0,,Overcast
2016-06-14 00:00:00,18.3,,,0.52,1010.1,8.3,16.1,Variable,11.1,0.0,0.0,,Overcast
2016-06-14 01:00:00,18.3,,,0.54,1010.4,8.9,16.1,Variable,9.3,0.0,0.0,,Overcast
2016-06-14 02:00:00,17.8,,,0.54,1010.8,8.3,16.1,Variable,9.3,0.0,0.0,,Overcast
2016-06-14 03:00:00,17.8,,,0.56,1011.1,8.9,16.1,North,0.0,0.0,0.0,,Overcast
2016-06-14 04:00:00,16.7,,,0.58,1010.9,8.3,16.1,North,0.0,0.0,0.0,,Clear
2016-06-14 05:00:00,16.1,,,0.6,1011.3,8.3,16.1,Variable,9.3,0.0,0.0,,Clear
2016-06-14 06:00:00,15.6,,,0.6,1012.2,7.8,16.1,Variable,11.1,0.0,0.0,,Clear
2016-06-14 07:00:00,15.0,,,0.64,1013.1,8.3,16.1,North,0.0,0.0,0.0,,Clear
2016-06-14 08:00:00,15.0,,,0.64,1013.6,8.3,16.1,Variable,7.4,0.0,0.0,,Clear
2016-06-14 09:00:00,15.6,,,0.6,1013.9,7.8,16.1,Calm,0.0,0.0,0.0,,Clear
2016-06-14 10:00:00,16.7,,,0.52,1014.0,6.7,16.1,Variable,7.4,0.0,0.0,,Clear
2016-06-14 11:00:00,17.8,,,0.45,1013.9,5.6,16.1,Variable,5.6,0.0,0.0,,Clear
2016-06-14 12:00:00,20.0,,,0.39,1013.7,5.6,16.1,Variable,9.3,0.0,0.0,,Clear
2016-06-14 13:00:00,21.7,,,0.35,1013.4,5.6,16.1,Variable,7.4,0.0,0.0,,Clear
2016-06-14 14:00:00,23.3,,,0.3,1013.2,5.0,16.1,Variable,7.4,0.0,0.0,,Clear
2016-06-14 15:00:00,24.4,,,0.31,1012.6,6.1,16.1,Variable,5.6,0.0,0.0,,Clear
2016-06-14 16:00:00,25.0,,,0.3,1012.8,6.1,16.1,Variable,5.6,0.0,0.0,,Clear
2016-06-14 17:00:00,26.1,,,0.28,1012.4,6.1,16.1,North,7.4,0.0,0.0,,Clear
2016-06-14 18:00:00,25.6,,,0.3,1012.4,6.7,16.1,Variable,9.3,0.0,0.0,,Clear
2016-06-14 19:00:00,25.6,,,0.28,1012.2,5.6,16.1,WNW,13.0,0.0,0.0,,Clear
2016-06-14 20:00:00,25.0,,,0.32,1012.6,7.2,16.1,Calm,0.0,0.0,0.0,,Clear
2016-06-14 21:00:00,24.4,,,0.32,1012.9,6.7,16.1,Variable,7.4,0.0,0.0,,Clear
2016-06-14 22:00:00,23.9,,,0.33,1013.3,6.7,16.1,Variable,9.3,0.0,0.0,,Clear
2016-06-14 23:00:00,23.3,,,0.35,1014.0,7.2,16.1,West,9.3,0.0,0.0,,Clear
2016-06-15 00:00:00,21.7,,,0.39,1014.4,7.2,16.1,WNW,5.6,0.0,0.0,,Clear
2016-06-15 01:00:00,21.1,,,0.42,1014.9,7.8,16.1,Calm,0.0,0.0,0.0,,Clear
2016-06-15 02:00:00,19.4,,,0.49,1015.0,8.3,16.1,WNW,5.6,0.0,0.0,,Clear
2016-06-15 03:00:00,19.4,,,0.47,1015.0,7.8,16.1,Calm,0.0,0.0,0.0,,Clear
2016-06-15 04:00:00,18.9,,,0.48,1014.5,7.8,16.1,Calm,0.0,0.0,0.0,,Clear
2016-06-15 05:00:00,19.4,,,0.45,1014.5,7.2,16.1,WNW,9.3,0.0,0.0,,Clear
2016-06-15 06:00:00,17.8,,,0.52,1014.5,7.8,16.1,WNW,5.6,0.0,0.0,,Clear
2016-06-15 07:00:00,16.7,,,0.6,1014.7,8.9,16.1,Calm,0.0,0.0,0.0,,Clear
2016-06-15 08:00:00,18.3,,,0.54,1015.2,8.9,16.1,WNW,7.4,0.0,0.0,,Clear
2016-06-15 09:00:00,19.4,,,0.49,1015.5,8.3,16.1,Variable,7.4,0.0,0.0,,Clear
2016-06-15 10:00:00,20.6,,,0.49,1015.6,9.4,16.1,Calm,0.0,0.0,0.0,,Clear
2016-06-15 11:00:00,22.8,,,0.39,1015.1,8.3,16.1,Calm,0.0,0.0,0.0,,Clear
2016-06-15 12:00:00,24.4,,,0.32,1014.7,6.7,16.1,Variable,5.6,0.0,0.0,,Clear
2016-06-15 13:00:00,26.1,,,0.26,1014.1,5.0,16.1,Calm,0.0,0.0,0.0,,Clear
2016-06-15 14:00:00,27.8,,,0.26,1013.5,6.7,16.1,Variable,5.6,0.0,0.0,,Clear
2016-06-15 15:00:00,28.9,,,0.24,1012.5,6.1,16.1,Calm,0.0,0.0,0.0,,Clear
2016-06-15 16:00:00,28.3,,,0.27,1011.8,7.8,16.1,Variable,5.6,0.0,0.0,,Clear
2016-06-15 17:00:00,28.3,,,0.24,1011.1,6.1,16.1,Calm,0.0,0.0,0.0,,Clear
2016-06-15 18:00:00,27.2,,,0.36,1010.8,11.1,16.1,Variable,5.6,0.0,0.0,,Clear
2016-06-15 19:00:00,26.1,,,0.42,1010.3,12.2,16.1,North,0.0,0.0,0.0,,Clear
2016-06-15 20:00:00,25.0,,,0.45,1010.2,12.2,16.1,Variable,5.6,0.0,0.0,,Clear
2016-06-15 21:00:00,25.0,,,0.48,1010.2,13.3,14.5,Variable,5.6,0.0,0.0,,Clear
2016-06-15 22:00:00,24.4,,,0.5,1010.2,13.3,16.1,South,5.6,0.0,0.0,,Clear
2016-06-15 23:00:00,23.9,,,0.53,1010.6,13.9,16.1,North,0.0,0.0,0.0,,Scattered Clouds
2016-06-16 00:00:00,24.4,,,0.46,1010.7,12.2,16.1,SW,9.3,0.0,0.0,,Mostly Cloudy
2016-06-16 01:00:00,23.9,,,0.53,1010.6,13.9,16.1,WSW,5.6,0.0,0.0,,Partly Cloudy
2016-06-16 02:00:00,23.9,,,0.55,1010.2,14.4,16.1,Calm,0.0,0.0,0.0,,Clear
2016-06-16 03:00:00,22.8,,,0.61,1009.8,15.0,16.1,WSW,7.4,0.0,0.0,,Scattered Clouds
2016-06-16 04:00:00,22.8,,,0.64,1008.9,15.6,16.1,West,5.6,0.0,0.0,,Scattered Clouds
2016-06-16 05:00:00,20.6,,,0.81,1008.6,17.2,9.7,North,0.0,0.0,0.3,Rain,Light Rain
2016-06-16 06:00:00,20.0,,,0.87,1008.4,17.8,8.0,Calm,0.0,0.0,0.3,Rain,Light Rain
2016-06-16 07:00:00,20.0,,,0.9,1008.5,18.3,4.8,Calm,0.0,0.0,0.0,Rain,Light Rain
2016-06-16 08:00:00,19.4,,,0.93,1009.5,18.3,2.0,Calm,0.0,0.0,2.3,Rain,Rain
2016-06-16 09:00:00,18.9,,,0.93,1009.0,17.8,4.8,NE,7.4,0.0,2.3,,Overcast
2016-06-16 10:00:00,19.4,,,0.9,1009.0,17.8,6.4,ESE,9.3,0.0,0.0,,Overcast
2016-06-16 11:00:00,19.4,,,0.9,1008.3,17.8,8.0,Calm,0.0,0.0,0.0,,Overcast
2016-06-16 12:00:00,20.6,,,0.84,1008.6,17.8,12.9,Calm,0.0,0.0,0.0,,Overcast
2016-06-16 13:00:00,21.1,,,0.73,1008.8,16.1,12.9,East,7.4,0.0,0.0,,Overcast
2016-06-16 14:00:00,21.7,,,0.68,1008.8,15.6,12.9,Variable,5.6,0.0,0.0,,Overcast
2016-06-16 15:00:00,20.0,,,0.76,1009.1,15.6,4.8,Calm,0.0,0.0,0.0,Rain,Rain
2016-06-16 16:00:00,19.4,,,0.9,1008.6,17.8,9.7,Calm,0.0,0.0,0.5,,Overcast
2016-06-16 17:00:00,20.6,,,0.75,1008.4,16.1,12.9,Calm,0.0,0.0,0.0,,Overcast
2016-06-16 18:00:00,22.2,,,0.66,1007.6,15.6,12.9,Variable,5.6,0.0,0.0,,Overcast
2016-06-16 19:00:00,22.2,,,0.66,1006.8,15.6,12.9,ENE,5.6,0.0,0.0,,Overcast
2016-06-16 20:00:00,22.2,,,0.61,1006.7,14.4,14.5,Calm,0.0,0.0,0.0,,Overcast
2016-06-16 21:00:00,21.7,,,0.68,1007.4,15.6,12.9,Calm,0.0,0.0,0.0,,Overcast
2016-06-16 22:00:00,21.1,,,0.65,1007.4,14.4,16.1,Calm,0.0,0.0,0.0,,Mostly Cloudy
2016-06-16 23:00:00,20.6,,,0.68,1007.7,14.4,14.5,NE,5.6,0.0,0.0,,Clear
2016-06-17 00:00:00,20.0,,,0.65,1008.2,13.3,16.1,NE,5.6,0.0,0.0,,Clear
2016-06-17 01:00:00,20.0,,,0.65,1008.3,13.3,14.5,Calm,0.0,0.0,0.0,,Clear
2016-06-17 02:00:00,20.6,,,0.65,1008.7,13.9,14.5,Calm,0.0,0.0,0.0,,Mostly Cloudy
2016-06-17 03:00:00,20.0,,,0.73,1008.9,15.0,12.9,Calm,0.0,0.0,0.0,,Partly Cloudy
2016-06-17 04:00:00,20.0,,,0.7,1008.8,14.4,14.5,Calm,0.0,0.0,0.0,,Clear
2016-06-17 05:00:00,19.4,,,0.76,1009.0,15.0,14.5,Calm,0.0,0.0,0.0,,Clear
2016-06-17 06:00:00,18.9,,,0.81,1009.0,15.6,14.5,NE,5.6,0.0,0.0,,Clear
2016-06-17 07:00:00,18.3,,,0.84,1009.7,15.6,12.9,Calm,0.0,0.0,0.0,,Clear
2016-06-17 08:00:00,19.4,,,0.73,1010.6,14.4,14.5,Calm,0.0,0.0,0.0,,Mostly Cloudy
2016-06-17 09:00:00,21.1,,,0.61,1011.3,13.3,16.1,Variable,11.1,0.0,0.0,,Clear
2016-06-17 10:00:00,21.7,,,0.59,1012.1,13.3,14.5,Variable,9.3,0.0,0.0,,Clear
2016-06-17 11:00:00,22.2,,,0.59,1012.7,13.9,14.5,ENE,9.3,0.0,0.0,,Clear
2016-06-17 12:00:00,21.7,,,0.66,1013.5,15.0,11.3,ENE,13.0,0.0,0.0,,Partly Cloudy
2016-06-17 13:00:00,23.3,,,0.59,1014.3,15.0,11.3,NE,9.3,0.0,0.0,,Clear
2016-06-17 14:00:00,23.3,,,0.59,1014.8,15.0,12.9,NE,14.8,0.0,0.0,,Partly Cloudy
2016-06-17 15:00:00,22.2,,,0.53,1015.3,12.2,16.1,ENE,20.4,0.0,0.0,,Partly Cloudy
2016-06-17 16:00:00,24.4,,,0.46,1015.4,12.2,16.1,ENE,11.1,0.0,0.0,,Clear
2016-06-17 17:00:00,24.4,,,0.4,1015.5,10.0,16.1,Variable,7.4,0.0,0.0,,Partly Cloudy
2016-06-17 18:00:00,23.9,,,0.37,1016.0,8.3,16.1,SSE,13.0,0.0,0.0,,Clear
2016-06-17 19:00:00,22.2,,,0.38,1016.1,7.2,16.1,Variable,7.4,0.0,0.0,,Clear
2016-06-17 20:00:00,21.1,,,0.36,1017.0,5.6,16.1,Variable,7.4,0.0,0.0,,Clear
2016-06-17 21:00:00,20.0,,,0.45,1017.4,7.8,16.1,North,0.0,0.0,0.0,,Clear
2016-06-17 22:00:00,18.9,,,0.54,1018.1,9.4,16.1,Variable,7.4,0.0,0.0,,Clear
2016-06-17 23:00:00,18.3,,,0.52,1019.3,8.3,16.1,South,7.4,0.0,0.0,,Clear
2016-06-18 00:00:00,17.8,,,0.54,1019.6,8.3,16.1,Variable,5.6,0.0,0.0,,Clear
2016-06-18 01:00:00,17.2,,,0.58,1020.0,8.9,16.1,South,5.6,0.0,0.0,,Clear
2016-06-18 02:00:00,17.2,,,0.58,1020.2,8.9,16.1,Variable,7.4,0.0,0.0,,Clear
2016-06-18 03:00:00,17.2,,,0.58,1020.1,8.9,16.1,WNW,7.4,0.0,0.0,,Clear
2016-06-18 04:00:00,17.2,,,0.6,1020.0,9.4,16.1,Calm,0.0,0.0,0.0,,Clear
2016-06-18 05:00:00,17.2,,,0.58,1020.2,8.9,16.1,West,7.4,0.0,0.0,,Clear
2016-06-18 06:00:00,16.7,,,0.6,1020.7,8.9,16.1,Calm,0.0,0.0,0.0,,Clear
2016-06-18 07:00:00,16.7,,,0.58,1021.6,8.3,16.1,Calm,0.0,0.0,0.0,,Clear
2016-06-18 08:00:00,17.8,,,0.56,1022.4,8.9,16.1,Calm,0.0,0.0,0.0,,Clear
2016-06-18 09:00:00,18.9,,,0.5,1022.7,8.3,16.1,WNW,9.3,0.0,0.0,,Clear
2016-06-18 10:00:00,20.6,,,0.47,1023.1,8.9,16.1,West,5.6,0.0,0.0,,Clear
2016-06-18 11:00:00,22.2,,,0.46,1023.3,10.0,16.1,Variable,5.6,0.0,0.0,,Clear
2016-06-18 12:00:00,23.9,,,0.46,1023.6,11.7,16.1,Calm,0.0,0.0,0.0,,Clear
2016-06-18 13:00:00,27.2,,26.9,0.38,1023.9,11.7,14.5,Calm,0.0,0.0,0.0,,Clear
2016-06-18 14:00:00,28.9,,,0.31,1023.5,10.0,16.1,Variable,9.3,0.0,0.0,,Clear
2016-06-18 15:00:00,30.0,,,0.29,1023.2,10.0,16.1,East,7.4,0.0,0.0,,Clear
2016-06-18 16:00:00,30.0,,,0.3,1022.7,10.6,16.1,Variable,7.4,0.0,0.0,,Clear
2016-06-18 17:00:00,27.8,,27.6,0.41,1023.0,13.3,14.5,Calm,0.0,0.0,0.0,,Partly Cloudy
2016-06-18 18:00:00,27.2,,26.9,0.38,1023.1,11.7,14.5,Variable,9.3,0.0,0.0,,Clear
2016-06-18 19:00:00,26.7,,,0.36,1023.0,10.6,14.5,Variable,7.4,0.0,0.0,,Clear
2016-06-18 20:00:00,25.0,,,0.39,1023.3,10.0,14.5,Variable,9.3,0.0,0.0,,Clear
2016-06-18 21:00:00,23.9,,,0.4,1023.8,9.4,14.5,Variable,5.6,0.0,0.0,,Clear
2016-06-18 22:00:00,23.3,,,0.41,1024.2,9.4,16.1,Variable,9.3,0.0,0.0,,Clear
2016-06-18 23:00:00,22.8,,,0.41,1025.2,8.9,16.1,Calm,0.0,0.0,0.0,,Clear
2016-06-19 00:00:00,22.8,,,0.46,1025.4,10.6,16.1,Calm,0.0,0.0,0.0,,Partly Cloudy
2016-06-19 01:00:00,21.7,,,0.55,1025.6,12.2,16.1,Calm,0.0,0.0,0.0,,Mostly Cloudy
2016-06-19 02:00:00,21.7,,,0.59,1025.8,13.3,16.1,East,5.6,0.0,0.0,,Mostly Cloudy
2016-06-19 03:00:00,21.7,,,0.45,1025.5,9.4,16.1,Calm,0.0,0.0,0.0,,Clear
2016-06-19 04:00:00,20.6,,,0.53,1025.5,10.6,16.1,Calm,0.0,0.0,0.0,,Partly Cloudy
2016-06-19 05:00:00,20.6,,,0.54,1025.5,11.1,16.1,Calm,0.0,0.0,0.0,,Mostly Cloudy
2016-06-19 06:00:00,20.0,,,0.55,1025.5,10.6,16.1,Calm,0.0,0.0,0.0,,Partly Cloudy
2016-06-19 07:00:00,20.0,,,0.55,1025.7,10.6,16.1,West,5.6,0.0,0.0,,Partly Cloudy
2016-06-19 08:00:00,20.0,,,0.59,1025.9,11.7,16.1,Calm,0.0,0.0,0.0,,Clear
2016-06-19 09:00:00,20.6,,,0.57,1026.3,11.7,14.5,Calm,0.0,0.0,0.0,,Clear
2016-06-19 10:00:00,22.2,,,0.53,1026.2,12.2,14.5,Calm,0.0,0.0,0.0,,Clear
2016-06-19 11:00:00,23.9,,,0.5,1026.0,12.8,14.5,Calm,0.0,0.0,0.0,,Clear
2016-06-19 12:00:00,26.1,,,0.45,1025.9,13.3,14.5,Calm,0.0,0.0,0.0,,Clear
2016-06-19 13:00:00,28.3,,27.8,0.38,1025.6,12.8,14.5,Calm,0.0,0.0,0.0,,Clear
2016-06-19 14:00:00,30.6,,30.0,0.37,1024.8,14.4,14.5,Variable,5.6,0.0,0.0,,Clear
2016-06-19 15:00:00,28.9,,28.9,0.44,1024.7,15.6,12.9,Variable,11.1,0.0,0.0,,Clear
2016-06-19 16:00:00,27.8,,27.8,0.45,1024.4,15.0,14.5,South,7.4,0.0,0.0,,Clear
2016-06-19 17:00:00,26.7,,27.1,0.5,1024.1,15.6,14.5,Variable,11.1,0.0,0.0,,Clear
2016-06-19 18:00:00,25.0,,,0.54,1024.4,15.0,14.5,South,13.0,0.0,0.0,,Clear
2016-06-19 19:00:00,22.8,,,0.59,1024.3,14.4,12.9,Variable,7.4,31.5,0.0,,Clear
2016-06-19 20:00:00,22.8,,,0.55,1024.5,13.3,14.5,SSE,13.0,0.0,0.0,,Clear
2016-06-19 21:00:00,21.1,,,0.63,1024.8,13.9,14.5,Calm,0.0,0.0,0.0,,Clear
2016-06-19 22:00:00,20.6,,,0.65,1024.9,13.9,16.1,Variable,7.4,0.0,0.0,,Clear
2016-06-19 23:00:00,20.0,,,0.65,1025.2,13.3,16.1,South,14.8,0.0,0.0,,Clear
2016-06-20 00:00:00,20.0,,,0.65,1024.9,13.3,16.1,SE,11.1,0.0,0.0,,Clear
2016-06-20 01:00:00,19.4,,,0.7,1024.5,13.9,16.1,SSE,7.4,0.0,0.0,,Clear
2016-06-20 02:00:00,18.9,,,0.75,1023.8,14.4,16.1,Calm,0.0,0.0,0.0,,Clear
2016-06-20 03:00:00,18.9,,,0.75,1023.5,14.4,16.1,Calm,0.0,0.0,0.0,,Clear
2016-06-20 04:00:00,18.9,,,0.75,1022.7,14.4,16.1,Variable,5.6,0.0,0.0,,Clear
2016-06-20 05:00:00,18.9,,,0.78,1023.0,15.0,16.1,Variable,5.6,0.0,0.0,,Clear
2016-06-20 06:00:00,17.8,,,0.87,1022.9,15.6,16.1,Calm,0.0,0.0,0.0,,Clear
2016-06-20 07:00:00,18.3,,,0.84,1022.8,15.6,14.5,Calm,0.0,0.0,0.0,,Clear
2016-06-20 08:00:00,19.4,,,0.81,1022.7,16.1,14.5,Calm,0.0,0.0,0.0,,Partly Cloudy
2016-06-20 09:00:00,20.6,,,0.75,1022.8,16.1,14.5,Calm,0.0,0.0,0.0,,Clear
2016-06-20 10:00:00,22.2,,,0.71,1022.6,16.7,12.9,ENE,5.6,0.0,0.0,,Clear
2016-06-20 11:00:00,24.4,,,0.62,1021.8,16.7,12.9,Variable,5.6,0.0,0.0,,Clear
2016-06-20 12:00:00,26.1,,,0.58,1021.3,17.2,12.9,Variable,7.4,0.0,0.0,,Clear
2016-06-20 13:00:00,26.7,,27.6,0.58,1020.5,17.8,12.9,Calm,0.0,0.0,0.0,,Clear
2016-06-20 14:00:00,27.2,,28.0,0.56,1019.8,17.8,12.9,Variable,7.4,0.0,0.0,,Clear
2016-06-20 15:00:00,27.8,,28.4,0.52,1018.6,17.2,12.9,South,13.0,0.0,0.0,,Clear
2016-06-20 16:00:00,27.8,,28.4,0.52,1017.5,17.2,12.9,SSE,14.8,0.0,0.0,,Clear
2016-06-20 17:00:00,26.7,,27.5,0.56,1016.8,17.2,12.9,South,9.3,0.0,0.0,,Partly Cloudy
2016-06-20 18:00:00,26.1,,,0.54,1016.0,16.1,12.9,Variable,9.3,0.0,0.0,,Clear
2016-06-20 19:00:00,25.6,,,0.58,1015.1,16.7,12.9,Calm,0.0,0.0,0.0,,Clear
2016-06-20 20:00:00,25.6,,,0.56,1014.4,16.1,12.9,North,0.0,0.0,0.0,,Clear
2016-06-20 21:00:00,25.6,,,0.58,1013.4,16.7,12.9,Calm,0.0,0.0,0.0,,Clear
2016-06-20 22:00:00,25.0,,,0.62,1013.0,17.2,14.5,Variable,9.3,0.0,0.0,,Clear
2016-06-20 23:00:00,25.6,,,0.6,1012.8,17.2,14.5,Calm,0.0,0.0,0.0,,Clear
2016-06-21 00:00:00,26.7,,27.1,0.5,1012.3,15.6,14.5,Variable,5.6,0.0,0.0,,Clear
2016-06-21 01:00:00,25.6,,,0.5,1011.4,14.4,16.1,Variable,7.4,0.0,0.0,,Partly Cloudy
2016-06-21 02:00:00,26.1,,,0.45,1010.4,13.3,16.1,Variable,9.3,0.0,0.0,,Partly Cloudy
2016-06-21 03:00:00,25.6,,,0.46,1010.0,13.3,16.1,West,13.0,31.5,0.0,,Partly Cloudy
2016-06-21 04:00:00,25.0,,,0.5,1009.1,13.9,16.1,West,14.8,0.0,0.0,,Partly Cloudy
2016-06-21 05:00:00,25.0,,,0.52,1008.6,14.4,16.1,Variable,9.3,0.0,0.0,,Mostly Cloudy
2016-06-21 06:00:00,25.0,,,0.54,1008.4,15.0,16.1,Variable,11.1,0.0,0.0,,Mostly Cloudy
2016-06-21 07:00:00,24.4,,,0.58,1008.7,15.6,16.1,West,9.3,0.0,0.0,,Partly Cloudy
2016-06-21 08:00:00,23.9,,,0.64,1010.0,16.7,9.7,Variable,9.3,0.0,0.0,Rain,Light Rain
2016-06-21 09:00:00,22.2,,,0.66,1007.3,15.6,14.5,SW,5.6,0.0,0.0,,Scattered Clouds
2016-06-21 10:00:00,22.8,,,0.59,1009.8,14.4,14.5,Variable,7.4,0.0,0.0,,Clear
2016-06-21 11:00:00,24.4,,,0.46,1010.0,12.2,16.1,WNW,13.0,0.0,0.0,,Clear
2016-06-21 12:00:00,26.1,,,0.42,1010.3,12.2,16.1,North,0.0,0.0,0.0,,Clear
2016-06-21 13:00:00,28.3,,,0.34,1010.6,11.1,16.1,Variable,5.6,0.0,0.0,,Clear
2016-06-21 14:00:00,28.3,,27.7,0.36,1010.0,11.7,16.1,Variable,9.3,0.0,0.0,,Mostly Cloudy
2016-06-21 15:00:00,29.4,,28.4,0.33,1009.3,11.7,16.1,WNW,16.7,0.0,0.0,,Clear
2016-06-21 16:00:00,30.0,,28.9,0.32,1008.5,11.7,16.1,Variable,5.6,0.0,0.0,,Partly Cloudy
2016-06-21 17:00:00,30.0,,29.2,0.35,1007.5,12.8,16.1,Variable,5.6,0.0,0.0,,Clear
2016-06-21 18:00:00,29.4,,28.7,0.36,1007.4,12.8,14.5,Variable,5.6,0.0,0.0,,Scattered Clouds
2016-06-21 19:00:00,27.2,,27.5,0.49,1007.2,15.6,14.5,Variable,9.3,0.0,0.0,,Scattered Clouds
2016-06-21 20:00:00,26.7,,27.5,0.56,1007.3,17.2,12.9,Calm,0.0,0.0,0.0,,Partly Cloudy
2016-06-21 21:00:00,26.7,,27.5,0.56,1007.3,17.2,12.9,Calm,0.0,0.0,0.0,,Clear
2016-06-21 22:00:00,26.7,,,0.28,1008.2,6.7,16.1,Variable,7.4,0.0,0.0,,Partly Cloudy
2016-06-21 23:00:00,25.6,,,0.32,1009.1,7.8,16.1,North,0.0,0.0,0.0,,Scattered Clouds
2016-06-22 00:00:00,25.0,,,0.33,1009.2,7.8,16.1,Variable,7.4,0.0,0.0,,Partly Cloudy
2016-06-22 01:00:00,23.3,,,0.35,1009.3,7.2,16.1,NE,5.6,0.0,0.0,,Clear
2016-06-22 02:00:00,22.8,,,0.39,1009.5,8.3,16.1,Calm,0.0,0.0,0.0,,Overcast
2016-06-22 03:00:00,22.8,,,0.35,1009.3,6.7,16.1,Calm,0.0,0.0,0.0,,Mostly Cloudy
2016-06-22 04:00:00,21.7,,,0.39,1009.1,7.2,16.1,SE,5.6,0.0,0.0,,Clear
2016-06-22 05:00:00,21.1,,,0.46,1009.4,8.9,16.1,NNE,5.6,0.0,0.0,,Clear
2016-06-22 06:00:00,20.6,,,0.47,1009.0,8.9,16.1,Calm,0.0,0.0,0.0,,Clear
2016-06-22 07:00:00,21.1,,,0.49,1009.2,10.0,16.1,Calm,0.0,0.0,0.0,,Clear
2016-06-22 08:00:00,20.6,,,0.58,1009.3,12.2,16.1,Calm,0.0,0.0,0.0,,Clear
2016-06-22 09:00:00,22.2,,,0.59,1009.2,13.9,14.5,Calm,0.0,0.0,0.0,,Clear
2016-06-22 10:00:00,23.3,,,0.52,1009.1,12.8,14.5,Calm,0.0,0.0,0.0,,Clear
2016-06-22 11:00:00,25.0,,,0.43,1009.1,11.7,14.5,West,11.1,0.0,0.0,,Clear
2016-06-22 12:00:00,26.7,,26.6,0.39,1009.2,11.7,14.5,Variable,9.3,0.0,0.0,,Clear
2016-06-22 13:00:00,28.3,,,0.33,1009.1,10.6,14.5,West,16.7,29.6,0.0,,Partly Cloudy
2016-06-22 14:00:00,28.9,,,0.31,1009.2,10.0,16.1,WNW,20.4,33.3,0.0,,Partly Cloudy
2016-06-22 15:00:00,27.8,,,0.3,1009.6,8.9,16.1,WNW,14.8,31.5,0.0,,Scattered Clouds
2016-06-22 16:00:00,28.9,,,0.26,1009.8,7.8,16.1,Variable,11.1,40.7,0.0,,Clear
2016-06-22 17:00:00,28.3,,,0.27,1010.0,7.8,16.1,WNW,18.5,29.6,0.0,,Partly Cloudy
2016-06-22 18:00:00,28.9,,,0.26,1010.2,7.8,16.1,NW,13.0,0.0,0.0,,Partly Cloudy
2016-06-22 19:00:00,28.3,,,0.28,1010.1,8.3,16.1,WNW,9.3,33.3,0.0,,Clear
2016-06-22 20:00:00,27.8,,,0.3,1010.5,8.9,16.1,Variable,11.1,0.0,0.0,,Clear
2016-06-22 21:00:00,26.7,,,0.32,1010.8,8.9,16.1,Variable,7.4,0.0,0.0,,Clear
2016-06-22 22:00:00,26.1,,,0.32,1011.5,8.3,16.1,Variable,5.6,0.0,0.0,,Mostly Cloudy
2016-06-22 23:00:00,25.0,,,0.33,1012.4,7.8,16.1,Calm,0.0,0.0,0.0,,Partly Cloudy
2016-06-23 00:00:00,24.4,,,0.37,1013.1,8.9,16.1,Calm,0.0,0.0,0.0,,Clear
2016-06-23 01:00:00,22.8,,,0.46,1013.2,10.6,16.1,Calm,0.0,0.0,0.0,,Clear
2016-06-23 02:00:00,22.8,,,0.42,1012.7,9.4,16.1,Calm,0.0,0.0,0.0,,Clear
2016-06-23 03:00:00,23.3,,,0.41,1012.8,9.4,16.1,Calm,0.0,0.0,0.0,,Partly Cloudy
2016-06-23 04:00:00,21.7,,,0.49,1012.8,10.6,16.1,NE,5.6,0.0,0.0,,Mostly Cloudy
2016-06-23 05:00:00,21.7,,,0.49,1012.1,10.6,16.1,ENE,5.6,0.0,0.0,,Clear
2016-06-23 06:00:00,21.1,,,0.47,1011.9,9.4,16.1,Variable,5.6,0.0,0.0,,Clear
2016-06-23 07:00:00,21.1,,,0.47,1011.5,9.4,16.1,ENE,5.6,0.0,0.0,,Clear
2016-06-23 08:00:00,20.6,,,0.57,1012.2,11.7,14.5,North,5.6,0.0,0.0,,Clear
2016-06-23 09:00:00,21.7,,,0.59,1011.8,13.3,14.5,Calm,0.0,0.0,0.0,,Clear
2016-06-23 10:00:00,23.3,,,0.55,1011.6,13.9,14.5,Calm,0.0,0.0,0.0,,Partly Cloudy
2016-06-23 11:00:00,24.4,,,0.54,1011.6,14.4,14.5,Calm,0.0,0.0,0.0,,Mostly Cloudy
2016-06-23 12:00:00,25.0,,,0.52,1011.3,14.4,12.9,Calm,0.0,0.0,0.0,,Mostly Cloudy
2016-06-23 13:00:00,24.4,,,0.58,1010.9,15.6,12.9,Variable,5.6,0.0,0.0,,Overcast
2016-06-23 14:00:00,25.6,,,0.5,1010.2,14.4,12.9,Calm,0.0,0.0,0.0,,Overcast
2016-06-23 15:00:00,26.1,,,0.5,1009.7,15.0,12.9,ENE,9.3,0.0,0.0,,Mostly Cloudy
2016-06-23 16:00:00,26.7,,27.0,0.48,1009.7,15.0,12.9,Variable,5.6,0.0,0.0,,Mostly Cloudy
2016-06-23 17:00:00,27.2,,27.4,0.47,1009.7,15.0,12.9,ENE,7.4,0.0,0.0,,Mostly Cloudy
2016-06-23 18:00:00,26.1,,,0.52,1009.7,15.6,12.9,NE,5.6,0.0,0.0,,Overcast
2016-06-23 19:00:00,25.6,,,0.54,1009.3,15.6,12.9,Calm,0.0,0.0,0.0,,Overcast
2016-06-23 20:00:00,25.0,,,0.62,1009.5,17.2,12.9,Calm,0.0,0.0,0.0,,Mostly Cloudy
2016-06-23 21:00:00,23.9,,,0.69,1009.9,17.8,12.9,Calm,0.0,0.0,0.0,,Overcast
2016-06-23 22:00:00,22.8,,,0.76,1010.3,18.3,12.9,Variable,5.6,0.0,0.0,,Scattered Clouds
2016-06-23 23:00:00,22.8,,,0.73,1011.0,17.8,12.9,Calm,0.0,0.0,0.0,,Clear
2016-06-24 00:00:00,22.2,,,0.76,1011.4,17.8,12.9,ENE,5.6,0.0,0.0,,Clear
2016-06-24 01:00:00,22.2,,,0.73,1011.7,17.2,12.9,Calm,0.0,0.0,0.0,,Clear
2016-06-24 02:00:00,21.7,,,0.75,1011.7,17.2,12.9,Calm,0.0,0.0,0.0,,Clear
2016-06-24 03:00:00,21.7,,,0.75,1012.2,17.2,9.7,NE,7.4,0.0,0.0,,Haze
2016-06-24 04:00:00,21.1,,,0.81,1012.8,17.8,9.7,Calm,0.0,0.0,0.0,,Haze
2016-06-24 05:00:00,21.7,,,0.78,1012.9,17.8,9.7,NE,5.6,0.0,0.0,,Haze
2016-06-24 06:00:00,20.6,,,0.75,1013.5,16.1,14.5,Variable,7.4,0.0,0.0,,Clear
2016-06-24 07:00:00,21.1,,,0.47,1014.3,9.4,16.1,NE,11.1,0.0,0.0,,Clear
2016-06-24 08:00:00,21.1,,,0.53,1014.9,11.1,16.1,Variable,11.1,0.0,0.0,,Clear
2016-06-24 09:00:00,22.2,,,0.48,1015.7,10.6,16.1,East,16.7,27.8,0.0,,Clear
2016-06-24 10:00:00,22.2,,,0.46,1016.6,10.0,16.1,ENE,18.5,31.5,0.0,,Clear
2016-06-24 11:00:00,22.8,,,0.48,1017.2,11.1,16.1,ENE,22.2,29.6,0.0,,Clear
2016-06-24 12:00:00,24.4,,,0.42,1017.5,10.6,16.1,Variable,11.1,0.0,0.0,,Clear
2016-06-24 13:00:00,26.1,,,0.39,1017.6,11.1,16.1,ENE,18.5,0.0,0.0,,Clear
2016-06-24 14:00:00,27.8,,27.4,0.38,1017.3,12.2,16.1,ENE,13.0,0.0,0.0,,Clear
2016-06-24 15:00:00,28.3,,27.7,0.37,1017.3,12.2,16.1,East,13.0,0.0,0.0,,Clear
2016-06-24 16:00:00,28.3,,27.8,0.38,1017.5,12.8,16.1,North,0.0,0.0,0.0,,Clear
2016-06-24 17:00:00,27.8,,27.4,0.39,1017.9,12.8,14.5,Variable,7.4,0.0,0.0,,Clear
2016-06-24 18:00:00,26.7,,26.7,0.42,1017.9,12.8,14.5,North,0.0,0.0,0.0,,Clear
2016-06-24 19:00:00,25.0,,,0.48,1018.0,13.3,14.5,Variable,9.3,0.0,0.0,,Clear
2016-06-24 20:00:00,24.4,,,0.5,1018.3,13.3,14.5,Variable,7.4,0.0,0.0,,Clear
2016-06-24 21:00:00,22.8,,,0.59,1018.6,14.4,14.5,Variable,5.6,0.0,0.0,,Clear
2016-06-24 22:00:00,21.7,,,0.63,1018.8,14.4,14.5,Calm,0.0,0.0,0.0,,Clear
2016-06-24 23:00:00,21.1,,,0.68,1019.5,15.0,14.5,ESE,5.6,0.0,0.0,,Clear
2016-06-25 00:00:00,21.7,,,0.66,1019.6,15.0,14.5,Variable,7.4,0.0,0.0,,Mostly Cloudy
2016-06-25 01:00:00,20.6,,,0.68,1019.6,14.4,14.5,ENE,11.1,0.0,0.0,,Partly Cloudy
2016-06-25 02:00:00,20.0,,,0.68,1019.8,13.9,16.1,ENE,11.1,0.0,0.0,,Clear
2016-06-25 03:00:00,19.4,,,0.7,1020.0,13.9,16.1,Variable,5.6,0.0,0.0,,Clear
2016-06-25 04:00:00,19.4,,,0.73,1019.8,14.4,16.1,Variable,7.4,0.0,0.0,,Clear
2016-06-25 05:00:00,18.9,,,0.75,1020.2,14.4,16.1,Calm,0.0,0.0,0.0,,Clear
2016-06-25 06:00:00,18.3,,,0.81,1020.6,15.0,14.5,ENE,5.6,0.0,0.0,,Clear
2016-06-25 07:00:00,18.3,,,0.81,1021.2,15.0,11.3,NNE,5.6,0.0,0.0,,Clear
2016-06-25 08:00:00,19.4,,,0.76,1021.7,15.0,12.9,ENE,7.4,0.0,0.0,,Clear
2016-06-25 09:00:00,20.6,,,0.7,1022.2,15.0,12.9,ENE,13.0,0.0,0.0,,Clear
2016-06-25 10:00:00,22.2,,,0.61,1022.2,14.4,14.5,ENE,7.4,0.0,0.0,,Clear
2016-06-25 11:00:00,22.8,,,0.53,1022.3,12.8,16.1,Variable,7.4,0.0,0.0,,Clear
2016-06-25 12:00:00,24.4,,,0.5,1022.2,13.3,14.5,ENE,7.4,0.0,0.0,,Clear
2016-06-25 13:00:00,26.7,,26.9,0.45,1022.2,13.9,14.5,Variable,7.4,0.0,0.0,,Clear
2016-06-25 14:00:00,28.3,,,0.33,1022.2,10.6,16.1,Variable,5.6,0.0,0.0,,Clear
2016-06-25 15:00:00,28.9,,28.0,0.34,1022.0,11.7,16.1,North,0.0,0.0,0.0,,Clear
2016-06-25 16:00:00,29.4,,28.7,0.36,1021.6,12.8,14.5,Variable,9.3,0.0,0.0,,Clear
2016-06-25 17:00:00,27.2,,27.0,0.39,1021.6,12.2,14.5,Variable,5.6,0.0,0.0,,Clear
2016-06-25 18:00:00,26.7,,26.7,0.4,1021.9,12.2,14.5,Variable,5.6,0.0,0.0,,Clear
2016-06-25 19:00:00,25.0,,,0.43,1021.9,11.7,14.5,Variable,9.3,0.0,0.0,,Clear
2016-06-25 20:00:00,24.4,,,0.42,1021.6,10.6,16.1,Variable,7.4,0.0,0.0,,Clear
2016-06-25 21:00:00,22.8,,,0.44,1022.0,10.0,16.1,Variable,5.6,0.0,0.0,,Clear
2016-06-25 22:00:00,22.2,,,0.43,1022.2,8.9,16.1,Calm,0.0,0.0,0.0,,Clear
2016-06-25 23:00:00,21.7,,,0.49,1022.8,10.6,16.1,Calm,0.0,0.0,0.0,,Clear
2016-06-26 00:00:00,20.6,,,0.58,1022.8,12.2,16.1,Calm,0.0,0.0,0.0,,Clear
2016-06-26 01:00:00,20.0,,,0.68,1022.7,13.9,16.1,SSE,7.4,0.0,0.0,,Partly Cloudy
2016-06-26 02:00:00,20.6,,,0.65,1023.0,13.9,16.1,Calm,0.0,0.0,0.0,,Mostly Cloudy
2016-06-26 03:00:00,20.0,,,0.7,1023.1,14.4,16.1,Calm,0.0,0.0,0.0,,Clear
2016-06-26 04:00:00,20.0,,,0.59,1023.5,11.7,16.1,Calm,0.0,0.0,0.0,,Clear
2016-06-26 05:00:00,20.6,,,0.58,1023.7,12.2,16.1,Calm,0.0,0.0,0.0,,Mostly Cloudy
2016-06-26 06:00:00,20.6,,,0.61,1023.5,12.8,16.1,West,5.6,0.0,0.0,,Partly Cloudy
2016-06-26 07:00:00,20.0,,,0.63,1023.5,12.8,14.5,Calm,0.0,0.0,0.0,,Clear
2016-06-26 08:00:00,20.6,,,0.63,1023.1,13.3,14.5,WSW,5.6,0.0,0.0,,Clear
2016-06-26 09:00:00,22.2,,,0.55,1023.4,12.8,11.3,Calm,0.0,0.0,0.0,,Clear
2016-06-26 10:00:00,23.3,,,0.5,1023.4,12.2,11.3,Calm,0.0,0.0,0.0,,Clear
2016-06-26 11:00:00,25.0,,,0.47,1023.1,12.8,12.9,Variable,5.6,0.0,0.0,,Clear
2016-06-26 12:00:00,26.7,,26.8,0.43,1023.0,13.3,14.5,Calm,0.0,0.0,0.0,,Clear
2016-06-26 13:00:00,28.3,,28.2,0.44,1022.7,15.0,12.9,Calm,0.0,0.0,0.0,,Clear
2016-06-26 14:00:00,30.0,,29.5,0.38,1022.9,14.4,12.9,Calm,0.0,0.0,0.0,,Clear
2016-06-26 15:00:00,29.4,,29.1,0.41,1022.4,15.0,12.9,North,0.0,0.0,0.0,,Clear
2016-06-26 16:00:00,28.3,,28.4,0.46,1022.0,15.6,14.5,Calm,0.0,0.0,0.0,,Clear
2016-06-26 17:00:00,27.8,,28.0,0.47,1021.5,15.6,14.5,South,11.1,0.0,0.0,,Clear
2016-06-26 18:00:00,26.7,,26.9,0.45,1021.2,13.9,14.5,North,0.0,0.0,0.0,,Clear
2016-06-26 19:00:00,26.1,,,0.45,1020.7,13.3,14.5,Variable,5.6,0.0,0.0,,Clear
2016-06-26 20:00:00,24.4,,,0.43,1020.8,11.1,14.5,Variable,9.3,0.0,0.0,,Clear
2016-06-26 21:00:00,23.9,,,0.44,1020.4,11.1,14.5,Variable,7.4,0.0,0.0,,Clear
2016-06-26 22:00:00,23.3,,,0.45,1019.8,10.6,16.1,Variable,7.4,0.0,0.0,,Clear
2016-06-26 23:00:00,23.9,,,0.38,1020.1,8.9,16.1,Variable,5.6,0.0,0.0,,Clear
2016-06-27 00:00:00,23.3,,,0.37,1020.1,7.8,16.1,Variable,7.4,0.0,0.0,,Clear
2016-06-27 01:00:00,22.8,,,0.38,1020.3,7.8,16.1,WSW,7.4,0.0,0.0,,Clear
2016-06-27 02:00:00,22.2,,,0.44,1020.1,9.4,16.1,Variable,9.3,0.0,0.0,,Clear
2016-06-27 03:00:00,21.7,,,0.49,1020.2,10.6,14.5,Variable,5.6,0.0,0.0,,Clear
2016-06-27 04:00:00,21.1,,,0.51,1019.7,10.6,16.1,Variable,9.3,0.0,0.0,,Clear
2016-06-27 05:00:00,21.1,,,0.51,1019.4,10.6,16.1,WSW,13.0,27.8,0.0,,Clear
2016-06-27 06:00:00,20.0,,,0.61,1019.5,12.2,16.1,WSW,7.4,0.0,0.0,,Clear
2016-06-27 07:00:00,19.4,,,0.68,1019.9,13.3,14.5,Variable,5.6,0.0,0.0,,Clear
2016-06-27 08:00:00,20.6,,,0.63,1019.5,13.3,14.5,Variable,9.3,0.0,0.0,,Clear
2016-06-27 09:00:00,21.1,,,0.63,1019.3,13.9,14.5,WSW,11.1,0.0,0.0,,Clear
2016-06-27 10:00:00,22.2,,,0.66,1019.4,15.6,12.9,Variable,9.3,0.0,0.0,,Clear
2016-06-27 11:00:00,23.3,,,0.64,1019.0,16.1,12.9,Calm,0.0,0.0,0.0,,Clear
2016-06-27 12:00:00,25.0,,,0.5,1018.4,13.9,14.5,Variable,5.6,0.0,0.0,,Clear
2016-06-27 13:00:00,26.1,,,0.52,1018.0,15.6,14.5,SSE,11.1,0.0,0.0,,Clear
2016-06-27 14:00:00,27.8,,28.3,0.51,1017.5,16.7,14.5,North,0.0,0.0,0.0,,Partly Cloudy
2016-06-27 15:00:00,28.3,,29.1,0.53,1016.6,17.8,14.5,Variable,7.4,0.0,0.0,,Clear
2016-06-27 16:00:00,26.7,,27.7,0.6,1016.0,18.3,14.5,Variable,9.3,0.0,0.0,,Clear
2016-06-27 17:00:00,26.1,,,0.6,1015.8,17.8,14.5,South,18.5,29.6,0.0,,Clear
2016-06-27 18:00:00,25.6,,,0.64,1015.6,18.3,14.5,North,0.0,0.0,0.0,,Clear
2016-06-27 19:00:00,25.0,,,0.66,1015.3,18.3,14.5,North,0.0,0.0,0.0,,Clear
2016-06-27 20:00:00,24.4,,,0.69,1015.3,18.3,12.9,North,0.0,0.0,0.0,,Mostly Cloudy
2016-06-27 21:00:00,23.3,,,0.73,1015.6,18.3,12.9,North,0.0,0.0,0.0,,Overcast
2016-06-27 22:00:00,22.8,,,0.79,1015.7,18.9,14.5,Variable,7.4,0.0,0.0,,Mostly Cloudy
2016-06-27 23:00:00,21.7,,,0.9,1016.3,20.0,6.4,Variable,7.4,0.0,1.0,Rain,Light Rain
2016-06-28 00:00:00,21.1,,,0.93,1016.2,20.0,4.8,Variable,5.6,0.0,1.5,Rain,Light Rain
2016-06-28 01:00:00,21.1,,,0.93,1016.0,20.0,4.0,Variable,7.4,0.0,2.0,Rain,Rain
2016-06-28 02:00:00,20.6,,,0.96,1015.5,20.0,1.6,Calm,0.0,0.0,5.1,Rain,Heavy Rain
2016-06-28 03:00:00,20.6,,,0.96,1015.2,20.0,6.4,Variable,5.6,0.0,4.1,,Overcast
2016-06-28 04:00:00,20.6,,,0.93,1014.9,19.4,8.0,Variable,5.6,0.0,0.0,,Mostly Cloudy
2016-06-28 05:00:00,21.1,,,0.93,1014.5,20.0,9.7,Calm,0.0,0.0,0.0,,Overcast
2016-06-28 06:00:00,21.1,,,0.93,1014.4,20.0,8.0,Variable,7.4,0.0,0.0,,Overcast
2016-06-28 07:00:00,20.6,,,0.93,1014.8,19.4,12.9,Variable,5.6,0.0,0.0,,Overcast
2016-06-28 08:00:00,21.1,,,0.9,1014.8,19.4,11.3,Variable,7.4,0.0,0.0,,Overcast
2016-06-28 09:00:00,20.6,,,0.93,1015.1,19.4,8.0,SSW,9.3,0.0,0.0,,Overcast
2016-06-28 10:00:00,20.6,,,0.9,1015.3,18.9,12.9,Variable,5.6,0.0,0.0,,Overcast
2016-06-28 11:00:00,21.1,,,0.87,1014.9,18.9,9.7,Variable,5.6,0.0,0.0,,Overcast
2016-06-28 12:00:00,21.7,,,0.87,1014.7,19.4,9.7,SSE,9.3,0.0,0.0,,Overcast
2016-06-28 13:00:00,21.7,,,0.87,1014.8,19.4,8.0,Calm,0.0,0.0,0.0,,Overcast
2016-06-28 14:00:00,21.7,,,0.9,1014.4,20.0,8.0,Variable,9.3,0.0,0.0,,Overcast
2016-06-28 15:00:00,22.2,,,0.87,1014.0,20.0,9.7,Calm,0.0,0.0,0.0,,Overcast
2016-06-28 16:00:00,23.3,,,0.85,1012.9,20.6,11.3,Variable,5.6,0.0,0.0,,Overcast
2016-06-28 17:00:00,23.3,,,0.82,1012.5,20.0,12.9,Variable,9.3,0.0,0.0,,Overcast
2016-06-28 18:00:00,23.9,,,0.79,1012.0,20.0,12.9,Variable,9.3,0.0,0.0,,Mostly Cloudy
2016-06-28 19:00:00,23.3,,,0.82,1012.1,20.0,12.9,North,0.0,0.0,0.0,,Overcast
2016-06-28 20:00:00,22.2,,,0.87,1011.8,20.0,11.3,North,0.0,0.0,0.0,,Overcast
2016-06-28 21:00:00,22.2,,,0.87,1011.4,20.0,8.0,Variable,11.1,0.0,0.0,,Overcast
2016-06-28 22:00:00,21.7,,,0.9,1011.7,20.0,6.4,South,5.6,0.0,0.0,,Overcast
2016-06-28 23:00:00,21.7,,,0.93,1012.1,20.6,6.4,North,0.0,0.0,0.0,,Overcast
2016-06-29 00:00:00,21.7,,,0.93,1011.8,20.6,6.4,West,5.6,0.0,0.3,,Mostly Cloudy
2016-06-29 01:00:00,20.6,,,0.87,1011.8,18.3,16.1,NE,5.6,0.0,0.0,,Mostly Cloudy
2016-06-29 02:00:00,20.0,,,0.93,1011.4,18.9,11.3,Calm,0.0,0.0,0.5,Rain,Light Rain
2016-06-29 03:00:00,20.0,,,0.93,1010.8,18.9,9.7,Calm,0.0,0.0,0.3,,Mostly Cloudy
2016-06-29 04:00:00,20.6,,,0.93,1011.2,19.4,6.4,Calm,0.0,0.0,0.0,,Overcast
2016-06-29 05:00:00,20.0,,,0.9,1011.1,18.3,9.7,Calm,0.0,0.0,0.0,,Scattered Clouds
2016-06-29 06:00:00,19.4,,,0.93,1011.0,18.3,6.4,Calm,0.0,0.0,0.0,,Mostly Cloudy
2016-06-29 07:00:00,20.0,,,0.9,1011.4,18.3,4.8,Calm,0.0,0.0,0.0,,Mostly Cloudy
2016-06-29 08:00:00,20.0,,,0.93,1011.8,18.9,8.0,Calm,0.0,0.0,0.0,,Mostly Cloudy
2016-06-29 09:00:00,20.6,,,0.9,1012.1,18.9,12.9,Calm,0.0,0.0,0.0,,Partly Cloudy
2016-06-29 10:00:00,22.2,,,0.76,1012.2,17.8,14.5,Variable,7.4,0.0,0.0,,Clear
2016-06-29 11:00:00,22.8,,,0.76,1012.3,18.3,12.9,Calm,0.0,0.0,0.0,,Overcast
2016-06-29 12:00:00,23.9,,,0.71,1012.1,18.3,14.5,North,0.0,0.0,0.0,,Mostly Cloudy
2016-06-29 13:00:00,25.6,,,0.62,1011.8,17.8,14.5,Variable,5.6,0.0,0.0,,Partly Cloudy
2016-06-29 14:00:00,26.7,,27.6,0.58,1011.5,17.8,14.5,North,0.0,0.0,0.0,,Scattered Clouds
2016-06-29 15:00:00,27.8,,28.1,0.49,1011.2,16.1,16.1,Variable,9.3,0.0,0.0,,Scattered Clouds
2016-06-29 16:00:00,27.2,,27.4,0.47,1011.1,15.0,16.1,WNW,13.0,0.0,0.0,,Partly Cloudy
2016-06-29 17:00:00,27.2,,27.3,0.45,1011.3,14.4,16.1,West,5.6,0.0,0.0,,Partly Cloudy
2016-06-29 18:00:00,27.8,,27.6,0.41,1011.2,13.3,16.1,WNW,7.4,0.0,0.0,,Scattered Clouds
2016-06-29 19:00:00,27.8,,27.6,0.41,1011.0,13.3,16.1,West,11.1,0.0,0.0,,Clear
2016-06-29 20:00:00,27.2,,27.2,0.44,1011.5,13.9,16.1,Variable,7.4,0.0,0.0,,Clear
2016-06-29 21:00:00,26.1,,,0.45,1011.9,13.3,16.1,Calm,0.0,0.0,0.0,,Clear
2016-06-29 22:00:00,25.6,,,0.45,1012.4,12.8,16.1,Variable,7.4,0.0,0.0,,Clear
2016-06-29 23:00:00,25.0,,,0.47,1013.1,12.8,16.1,Variable,7.4,0.0,0.0,,Clear
2016-06-30 00:00:00,23.9,,,0.51,1013.7,13.3,16.1,Calm,0.0,0.0,0.0,,Clear
2016-06-30 01:00:00,22.8,,,0.57,1013.9,13.9,16.1,Calm,0.0,0.0,0.0,,Clear
2016-06-30 02:00:00,21.7,,,0.61,1014.0,13.9,16.1,Calm,0.0,0.0,0.0,,Clear
2016-06-30 03:00:00,21.7,,,0.59,1014.0,13.3,16.1,North,0.0,0.0,0.0,,Clear
2016-06-30 04:00:00,20.6,,,0.65,1014.2,13.9,16.1,Variable,5.6,0.0,0.0,,Clear
2016-06-30 05:00:00,20.6,,,0.63,1014.5,13.3,16.1,WNW,9.3,0.0,0.0,,Clear
2016-06-30 06:00:00,20.0,,,0.68,1015.0,13.9,16.1,Calm,0.0,0.0,0.0,,Clear
2016-06-30 07:00:00,20.0,,,0.68,1015.5,13.9,16.1,WNW,5.6,0.0,0.0,,Clear
2016-06-30 08:00:00,20.0,,,0.68,1016.1,13.9,16.1,NW,7.4,0.0,0.0,,Clear
2016-06-30 09:00:00,21.1,,,0.63,1016.2,13.9,16.1,North,7.4,0.0,0.0,,Clear
2016-06-30 10:00:00,22.2,,,0.59,1016.3,13.9,16.1,ENE,7.4,0.0,0.0,,Clear
2016-06-30 11:00:00,23.9,,,0.5,1016.4,12.8,16.1,Calm,0.0,0.0,0.0,,Clear
2016-06-30 12:00:00,25.0,,,0.45,1016.7,12.2,16.1,Calm,0.0,0.0,0.0,,Clear
2016-06-30 13:00:00,27.2,,27.2,0.44,1016.5,13.9,16.1,Calm,0.0,0.0,0.0,,Clear
2016-06-30 14:00:00,28.3,,27.8,0.38,1016.2,12.8,16.1,Calm,0.0,0.0,0.0,,Clear
2016-06-30 15:00:00,28.9,,28.3,0.38,1015.8,13.3,16.1,Calm,0.0,0.0,0.0,,Partly Cloudy
2016-06-30 16:00:00,28.3,,27.7,0.36,1015.5,11.7,16.1,Calm,0.0,0.0,0.0,,Mostly Cloudy
2016-06-30 17:00:00,28.9,,28.1,0.35,1015.1,12.2,16.1,Variable,7.4,0.0,0.0,,Clear
2016-06-30 18:00:00,28.9,,28.3,0.37,1015.0,12.8,16.1,North,0.0,0.0,0.0,,Clear
2016-06-30 19:00:00,27.2,,27.2,0.44,1015.4,13.9,16.1,Variable,7.4,0.0,0.0,,Scattered Clouds
2016-06-30 20:00:00,25.6,,,0.52,1015.9,15.0,16.1,Variable,5.6,0.0,0.0,,Scattered Clouds
2016-06-30 21:00:00,25.6,,,0.54,1015.8,15.6,14.5,Variable,9.3,0.0,0.0,,Partly Cloudy
2016-06-30 22:00:00,25.0,,,0.58,1015.9,16.1,16.1,Variable,5.6,0.0,0.0,,Clear
2016-06-30 23:00:00,24.4,,,0.6,1016.5,16.1,16.1,Calm,0.0,0.0,0.0,,Clear
